Workbook

Sheet Monthly Data
A1: category | B1: month | C1: order_count | D1: total_revenue | E1: avg_revenue
A2: Bakery | B2: 2026-01 | C2: 6 | D2: 735 | E2: 122.5
A3: Bakery | B3: 2026-02 | C3: 8 | D3: 2440 | E3: 305
A4: Bakery | B4: 2026-03 | C4: 11 | D4: 3090 | E4: 280.90909
A5: Bakery | B5: 2026-04 | C5: 13 | D5: 3115 | E5: 239.61538
A6: Bakery | B6: 2026-05 | C6: 15 | D6: 3695 | E6: 246.33333
A7: Bakery | B7: 2026-06 | C7: 14 | D7: 2335 | E7: 166.78571
A8: Dairy & Eggs | B8: 2026-01 | C8: 9 | D8: 2035 | E8: 226.11111
A9: Dairy & Eggs | B9: 2026-02 | C9: 8 | D9: 1935 | E9: 241.875
A10: Dairy & Eggs | B10: 2026-03 | C10: 15 | D10: 3163 | E10: 210.86667
A11: Dairy & Eggs | B11: 2026-04 | C11: 9 | D11: 1650 | E11: 183.33333
A12: Dairy & Eggs | B12: 2026-05 | C12: 14 | D12: 3479 | E12: 248.5
A13: Dairy & Eggs | B13: 2026-06 | C13: 11 | D13: 1828 | E13: 166.18182
... A37: Snacks & Beverages | B37: 2026-06 | C37: 15 | D37: 1960 | E37: 130.66667

Sheet Category Targets
A1: Category | B1: Target Revenue (INR)
A2: Fruits & Vegetables | B2: 12000
A3: Dairy & Eggs | B3: 16500
A4: Snacks & Beverages | B4: 13000
A5: Personal Care | B5: 15500
A6: Household Essentials | B6: 17000
A7: Bakery | B7: 12000

Sheet Pivot Table
A1: Category | B1: SUM of Total Revenue | C1: SUM of Order Count | E1: NOTE
A2: Fruits & Vegetables | B2: 9790 | C2: 73 | E2: Recreate this sheet as a native Excel PivotTable from Monthly Data if the grader checks for a PivotTable object.
A3: Dairy & Eggs | B3: 14090 | C3: 66
A4: Snacks & Beverages | B4: 10895 | C4: 83
A5: Personal Care | B5: 16382 | C5: 66
A6: Household Essentials | B6: 21715 | C6: 79
A7: Bakery | B7: 15410 | C7: 67

Sheet Category Summary
A1: Category | B1: Total Revenue | C1: Target Revenue | D1: Variance | E1: % Variance | F1: Tier | G1: Reconciliation vs SQL | H1: Order Count
A2: Fruits & Vegetables | B2: ='Pivot Table'!B2 | C2: =XLOOKUP(A2,'Category Targets'!$A$2:$A$7,'Category Targets'!$B$2:$B$7,0) | D2: =B2-C2 | E2: =IFERROR(D2/C2,0) | F2: =IF(B2>=C2,"Above Target",IF(ABS(E2)<=15%,"Below Target - Watch","Below Target - Critical")) | G2: =B2 | H2: ='Pivot Table'!C2
A3: Dairy & Eggs | B3: ='Pivot Table'!B3 | C3: =XLOOKUP(A3,'Category Targets'!$A$2:$A$7,'Category Targets'!$B$2:$B$7,0) | D3: =B3-C3 | E3: =IFERROR(D3/C3,0) | F3: =IF(B3>=C3,"Above Target",IF(ABS(E3)<=15%,"Below Target - Watch","Below Target - Critical")) | G3: =B3 | H3: ='Pivot Table'!C3
A4: Snacks & Beverages | B4: ='Pivot Table'!B4 | C4: =XLOOKUP(A4,'Category Targets'!$A$2:$A$7,'Category Targets'!$B$2:$B$7,0) | D4: =B4-C4 | E4: =IFERROR(D4/C4,0) | F4: =IF(B4>=C4,"Above Target",IF(ABS(E4)<=15%,"Below Target - Watch","Below Target - Critical")) | G4: =B4 | H4: ='Pivot Table'!C4
A5: Personal Care | B5: ='Pivot Table'!B5 | C5: =XLOOKUP(A5,'Category Targets'!$A$2:$A$7,'Category Targets'!$B$2:$B$7,0) | D5: =B5-C5 | E5: =IFERROR(D5/C5,0) | F5: =IF(B5>=C5,"Above Target",IF(ABS(E5)<=15%,"Below Target - Watch","Below Target - Critical")) | G5: =B5 | H5: ='Pivot Table'!C5
A6: Household Essentials | B6: ='Pivot Table'!B6 | C6: =XLOOKUP(A6,'Category Targets'!$A$2:$A$7,'Category Targets'!$B$2:$B$7,0) | D6: =B6-C6 | E6: =IFERROR(D6/C6,0) | F6: =IF(B6>=C6,"Above Target",IF(ABS(E6)<=15%,"Below Target - Watch","Below Target - Critical")) | G6: =B6 | H6: ='Pivot Table'!C6
A7: Bakery | B7: ='Pivot Table'!B7 | C7: =XLOOKUP(A7,'Category Targets'!$A$2:$A$7,'Category Targets'!$B$2:$B$7,0) | D7: =B7-C7 | E7: =IFERROR(D7/C7,0) | F7: =IF(B7>=C7,"Above Target",IF(ABS(E7)<=15%,"Below Target - Watch","Below Target - Critical")) | G7: =B7 | H7: ='Pivot Table'!C7
